"causa","total_accidentes","accidentes_fatales","proporcion"
"peaton o pasajero",90457,5895,0.06516908586400168036
"falla del vehiculo",106114,2294,0.02161825960759183520
"conductor",8383531,99867,0.01191228373820052672
"mala condicion del camino",264847,2361,0.00891458087121998739
"otra",1018386,7909,0.00776621045458205435
"certificado cero",80259,0,0E-24
